Temperature (C),Ice Cream Sales (units)
-4.662262677220208,41.84298632027783
-4.316559446725467,34.661119537360234
-4.213984764590729,39.38300087682567
-3.9496610890515707,37.53984488250128
-3.578553716228682,32.28453118789761
-3.455711698065576,30.00113847641735
-3.1084401208909964,22.635401277012628
-3.0813033243034563,25.36502221208036
-2.672460827006454,19.226970048254086
-2.652286792936049,20.27967917842273
-2.6514980333001315,13.275828499002512
-2.288263998488389,18.123991212726547
-2.111869690297304,11.218294472789265
-1.8189376094349368,10.012867848328882
-1.6603477296372017,12.615181154152336
-1.3263789834948425,10.957731335561812
-1.1731232680778254,6.689122639625872
-0.773330043103446,9.392968661109095
-0.6737528018380356,5.210162615266291
-0.14963486653359837,4.673642540546473
-0.03615649768268739,0.32862551692664154
-0.033895285571446534,0.8976031867492689
0.00860769873161413,3.165600007954848
0.14924457404675835,1.931416028704983
0.6887809076106148,2.5767822446188833
0.6935988725293257,4.625689457527259
0.8749050291584157,0.7899736505077737
1.0241808138155706,2.313806358173546
1.2407116187783346,1.292360810760447
1.3598126741393184,0.9531153124098825
1.7400000122653544,3.782570135712502
1.850551925836895,4.857987801146915
1.9993103690372853,8.9438232087124
2.075100596577272,8.17073493579141
2.318591239633373,7.412094028378014
2.4719459973351453,10.336630624804785
2.784836463321575,15.996619968225746
2.8317602113138346,12.568237393671758
2.959932091478899,21.342915741299235
3.020874314267157,20.11441346128526
3.211366144342004,22.83940550303454
3.270044068238683,16.98327873697228
3.316072519311853,25.14208222879581
3.3359324122355546,26.104740406676607
3.6107784776680404,28.912187929191942
3.7040574383772156,17.84395651991352
4.130867961260749,34.53074273928149
4.133533788303586,27.69838334813044
4.899031513688672,41.51482194316632