Temperature (C),Ice Cream Sales (units)
-4.213984764590729,39.3830009895735
2.831759879777586,12.568236634879485
2.471946030372841,10.336631248566867
0.14924530828004642,1.9314157461393189
3.0208744070452216,20.11441333283057
-2.6514984810875037,13.275827928857286
0.008607709606577266,3.165600356432171
-0.6737534462254703,5.210162972915946
4.899031654878651,41.51482208818038
